﻿<?xml version="1.0" encoding="utf-8"?>
<deployment>
  <id>68749840395bb8185f382d7272b88bab1cb3eb20</id>
  <author>Vicky Kumar</author>
  <deployer>GitHub</deployer>
  <authorEmail>186668514+vickyiitp@users.noreply.github.com</authorEmail>
  <message>Include build artifacts and startup script</message>
  <progress></progress>
  <status>Success</status>
  <statusText></statusText>
  <lastSuccessEndTime>2025-11-22T14:15:24.509626Z</lastSuccessEndTime>
  <receivedTime>2025-11-22T14:04:29.2930663Z</receivedTime>
  <startTime>2025-11-22T14:14:51.9554974Z</startTime>
  <endTime>2025-11-22T14:15:24.509626Z</endTime>
  <complete>True</complete>
  <is_temp>False</is_temp>
  <is_readonly>False</is_readonly>
  <buildSummary />
</deployment>