<step title="Incoming Request" date="2025-11-22T14:14:46.433" instance="19d5ba" url="/deploy?scmType=ExternalGit&amp;isAsync=true" method="POST" type="request" pid="770,1,26" Host="devil-backend-iit.scm.azurewebsites.net" User-Agent="Azure-WebSites-Controller/106.0.7.100" Authorization="Bas..." Expect="100-continue" Content-Length="78" x-ms-request-id="b4d4bb89-f4c2-46f9-97c3-a102c8195400" X-ARR-LOG-ID="b4d4bb89-f4c2-46f9-97c3-a102c8195400" CLIENT-IP="13.75.34.162:5186" X-SITE-DEPLOYMENT-ID="devil-backend-iit" WAS-DEFAULT-HOSTNAME="devil-backend-iit.scm.azurewebsites.net" X-MS-PLATFORM-INTERNAL="True" X-Forwarded-Proto="https" X-AppService-Proto="https" X-Forwarded-TlsVersion="1.3" X-WAWS-Unencoded-URL="/deploy?scmType=ExternalGit&amp;isAsync=true" X-Client-IP="13.75.34.162" X-Client-Port="5186" >
  <step title="Cleanup Xml Logs" date="2025-11-22T14:14:46.435" /><!-- duration: 2ms -->
  <step title="FetchHandler" date="2025-11-22T14:14:46.477" >
    <step title="Executing external process" date="2025-11-22T14:14:46.542" type="process" path="git" arguments="rev-parse --git-dir" /><!-- duration: 33ms -->
    <step title="Executing external process" date="2025-11-22T14:14:46.584" type="process" path="git" arguments="rev-parse --git-dir" /><!-- duration: 5ms -->
    <step title="Executing external process" date="2025-11-22T14:14:46.591" type="process" path="git" arguments="log -n 1 main --" /><!-- duration: 26ms -->
    <step title="Start deployment in the background" date="2025-11-22T14:14:46.620" >
      <step title="Executing external process" date="2025-11-22T14:14:46.628" type="process" path="git" arguments="rev-parse --git-dir" /><!-- duration: 21ms -->
      <step title="Executing external process" date="2025-11-22T14:14:46.651" type="process" path="git" arguments="rev-parse --git-dir" /><!-- duration: 9ms -->
      <step title="Executing external process" date="2025-11-22T14:14:46.667" type="process" path="git" arguments="log -n 1 main --" /><!-- duration: 12ms -->
      <step title="Acquiring Deployment Lock" date="2025-11-22T14:14:46.680" /><!-- duration: 1ms -->
      <step title="Acquired Deployment Lock" date="2025-11-22T14:14:46.712" /><!-- duration: 1ms -->
    </step><!-- duration: 265ms -->
  </step><!-- duration: 410ms -->
  <step title="Outgoing response" date="2025-11-22T14:14:46.888" type="response" statusCode="202" statusText="Accepted" /><!-- duration: 1ms -->
</step><!-- duration: 457ms -->
