<step title="BackgroundTrace" date="2025-11-22T14:04:21.627" instance="19d5ba" url="/deploy" method="POST" >
  <step title="Creating temporary deployment - FetchDeploymentManager" date="2025-11-22T14:04:21.767" /><!-- duration: 1ms -->
  <step title="Creating temporary deployment" date="2025-11-22T14:04:21.769" /><!-- duration: 49ms -->
  <step title="Performing fetch based deployment" date="2025-11-22T14:04:22.006" >
    <step title="Deployment timer started" date="2025-11-22T14:04:29.166" >
      <step title="DeploymentManager.Deploy(id:68749840395bb8185f382d7272b88bab1cb3eb20)" date="2025-11-22T14:04:29.212" >
        <step title="Collecting changeset information" date="2025-11-22T14:04:29.249" /><!-- duration: 100ms -->
        <step title="Updating submodules" date="2025-11-22T14:04:29.351" /><!-- duration: 1120ms -->
        <step title="Determining deployment builder" date="2025-11-22T14:04:30.703" >
          <step title="Builder is OryxBuilder" date="2025-11-22T14:04:30.715" /><!-- duration: 11ms -->
        </step><!-- duration: 25ms -->
        <step title="PreDeployment: context.CleanOutputPath False" date="2025-11-22T14:04:30.773" >
          <step title="PreDeployment: context.OutputPath /home/site/wwwroot" date="2025-11-22T14:04:30.922" >
            <step title="Building" date="2025-11-22T14:04:31.096" >
              <step title="Executing external process" date="2025-11-22T14:04:31.354" type="process" path="bash" arguments="-c &quot;oryx build /home/site/repository -o /home/site/wwwroot --platform python --platform-version 3.10 -p virtualenv_name=antenv --log-file /tmp/build-debug.log  -i /tmp/8de29d00e8eccf9 --compress-destination-dir | tee /tmp/oryx-build.log ; exit $PIPESTATUS &quot;" /><!-- duration: 72237ms -->
              <step title="Using PythonDeploymentLogParser" date="2025-11-22T14:05:43.954" /><!-- duration: 9ms -->
              <step title="Triggering recycle (preview mode disabled)." date="2025-11-22T14:05:45.191" /><!-- duration: 3ms -->
              <step title="Modified file to trigger a restart of the app container." date="2025-11-22T14:05:45.223" /><!-- duration: 1ms -->
              <step title="Skip function trigger and logicapp sync because function is not enabled." date="2025-11-22T14:05:45.237" /><!-- duration: 1ms -->
            </step><!-- duration: 74812ms -->
          </step><!-- duration: 74987ms -->
          <step title="Cleaning up temp files" date="2025-11-22T14:05:45.910" /><!-- duration: 1667ms -->
          <step title="Cleaning up temp files" date="2025-11-22T14:05:47.580" /><!-- duration: 507ms -->
          <step title="Reloading status file with latest updates" date="2025-11-22T14:05:48.130" >
            <step title="WebHooksManager.PublishEventAsync: PostDeployment" date="2025-11-22T14:05:48.133" /><!-- duration: 115ms -->
          </step><!-- duration: 126ms -->
          <step title="Cleaning up temporary deployment - fetch deployment was successful" date="2025-11-22T14:05:48.298" /><!-- duration: 2ms -->
        </step><!-- duration: 77562ms -->
      </step><!-- duration: 79129ms -->
