<step title="BackgroundTrace" date="2025-11-22T14:14:46.622" instance="19d5ba" url="/deploy" method="POST" >
  <step title="Creating temporary deployment - FetchDeploymentManager" date="2025-11-22T14:14:46.715" /><!-- duration: 1ms -->
  <step title="Creating temporary deployment" date="2025-11-22T14:14:46.717" /><!-- duration: 167ms -->
  <step title="Performing fetch based deployment" date="2025-11-22T14:14:47.042" >
    <step title="Deployment timer started" date="2025-11-22T14:14:50.439" >
      <step title="DeploymentManager.Deploy(id:68749840395bb8185f382d7272b88bab1cb3eb20)" date="2025-11-22T14:14:50.442" >
        <step title="Collecting changeset information" date="2025-11-22T14:14:50.459" /><!-- duration: 122ms -->
        <step title="Updating submodules" date="2025-11-22T14:14:50.659" /><!-- duration: 1136ms -->
        <step title="Determining deployment builder" date="2025-11-22T14:14:52.018" >
          <step title="Builder is OryxBuilder" date="2025-11-22T14:14:52.020" /><!-- duration: 1ms -->
        </step><!-- duration: 22ms -->
        <step title="PreDeployment: context.CleanOutputPath False" date="2025-11-22T14:14:52.096" >
          <step title="PreDeployment: context.OutputPath /home/site/wwwroot" date="2025-11-22T14:14:52.203" >
            <step title="Building" date="2025-11-22T14:14:52.317" >
              <step title="Executing external process" date="2025-11-22T14:14:52.711" type="process" path="bash" arguments="-c &quot;oryx build /home/site/repository -o /home/site/wwwroot --platform python --platform-version 3.10 -p virtualenv_name=antenv --log-file /tmp/build-debug.log  -i /tmp/8de29d180e3d1b1 --compress-destination-dir | tee /tmp/oryx-build.log ; exit $PIPESTATUS &quot;" /><!-- duration: 29768ms -->
              <step title="Using PythonDeploymentLogParser" date="2025-11-22T14:15:22.909" /><!-- duration: 8ms -->
              <step title="Triggering recycle (preview mode disabled)." date="2025-11-22T14:15:24.045" /><!-- duration: 8ms -->
              <step title="Modified file to trigger a restart of the app container." date="2025-11-22T14:15:24.122" /><!-- duration: 1ms -->
              <step title="Skip function trigger and logicapp sync because function is not enabled." date="2025-11-22T14:15:24.126" /><!-- duration: 6ms -->
            </step><!-- duration: 32531ms -->
          </step><!-- duration: 32655ms -->
          <step title="Cleaning up temp files" date="2025-11-22T14:15:24.871" /><!-- duration: 1705ms -->
          <step title="Cleaning up temp files" date="2025-11-22T14:15:26.578" /><!-- duration: 503ms -->
          <step title="Reloading status file with latest updates" date="2025-11-22T14:15:27.111" >
            <step title="WebHooksManager.PublishEventAsync: PostDeployment" date="2025-11-22T14:15:27.112" /><!-- duration: 28ms -->
          </step><!-- duration: 31ms -->
          <step title="Cleaning up temporary deployment - fetch deployment was successful" date="2025-11-22T14:15:27.144" /><!-- duration: 1ms -->
        </step><!-- duration: 35087ms -->
      </step><!-- duration: 36745ms -->
