<step title="Incoming Request" date="2025-11-22T14:04:20.772" instance="19d5ba" url="/deploy?scmType=ExternalGit&amp;isAsync=true" method="POST" type="request" pid="770,1,15" Host="devil-backend-iit.scm.azurewebsites.net" User-Agent="Azure-WebSites-Controller/106.0.7.100" Authorization="Bas..." Expect="100-continue" Content-Length="78" x-ms-request-id="64cde175-1427-4954-a177-688d38207499" X-ARR-LOG-ID="64cde175-1427-4954-a177-688d38207499" CLIENT-IP="13.75.34.162:7362" X-SITE-DEPLOYMENT-ID="devil-backend-iit" WAS-DEFAULT-HOSTNAME="devil-backend-iit.scm.azurewebsites.net" X-MS-PLATFORM-INTERNAL="True" X-Forwarded-Proto="https" X-AppService-Proto="https" X-Forwarded-TlsVersion="1.3" X-WAWS-Unencoded-URL="/deploy?scmType=ExternalGit&amp;isAsync=true" X-Client-IP="13.75.34.162" X-Client-Port="7362" >
  <step title="FetchHandler" date="2025-11-22T14:04:20.820" >
    <step title="GitExeRepository.Initialize" date="2025-11-22T14:04:20.956" >
      <step title="Executing external process" date="2025-11-22T14:04:20.974" type="process" path="git" arguments="init" /><!-- duration: 233ms -->
      <step title="Executing external process" date="2025-11-22T14:04:21.209" type="process" path="git" arguments="config core.autocrlf false" /><!-- duration: 18ms -->
      <step title="Executing external process" date="2025-11-22T14:04:21.229" type="process" path="git" arguments="config core.preloadindex true" /><!-- duration: 18ms -->
      <step title="Executing external process" date="2025-11-22T14:04:21.320" type="process" path="git" arguments="config user.name &quot;unknown&quot;" /><!-- duration: 31ms -->
      <step title="Executing external process" date="2025-11-22T14:04:21.360" type="process" path="git" arguments="config user.email &quot;unknown&quot;" /><!-- duration: 31ms -->
      <step title="Executing external process" date="2025-11-22T14:04:21.400" type="process" path="git" arguments="config filter.lfs.clean &quot;git-lfs clean %f&quot;" /><!-- duration: 31ms -->
      <step title="Executing external process" date="2025-11-22T14:04:21.433" type="process" path="git" arguments="config filter.lfs.smudge &quot;git-lfs smudge %f&quot;" /><!-- duration: 17ms -->
      <step title="Executing external process" date="2025-11-22T14:04:21.451" type="process" path="git" arguments="config filter.lfs.required true" /><!-- duration: 13ms -->
      <step title="Configure git server" date="2025-11-22T14:04:21.465" >
        <step title="Executing external process" date="2025-11-22T14:04:21.469" type="process" path="git" arguments="config receive.denyCurrentBranch ignore" /><!-- duration: 14ms -->
      </step><!-- duration: 19ms -->
      <step title="Create deny users for .git folder" date="2025-11-22T14:04:21.485" /><!-- duration: 28ms -->
      <step title="Configure git-credential" date="2025-11-22T14:04:21.515" >
        <step title="Executing external process" date="2025-11-22T14:04:21.543" type="process" path="git" arguments="config credential.helper &quot;!&apos;/home/site/repository/.git/hooks/git-credential-invalid.sh&apos;&quot;" /><!-- duration: 14ms -->
      </step><!-- duration: 43ms -->
      <step title="Setup post receive hook" date="2025-11-22T14:04:21.559" >
        <step title="Non-Windows enviroment, granting 755 permission to post-receive hook file" date="2025-11-22T14:04:21.575" /><!-- duration: 21ms -->
      </step><!-- duration: 38ms -->
    </step><!-- duration: 642ms -->
    <step title="Executing external process" date="2025-11-22T14:04:21.604" type="process" path="git" arguments="log -n 1 main --" >
      <step title="Process dump" date="2025-11-22T14:04:21.618" exitCode="128" type="processOutput" /><!-- duration: 1ms -->
    </step><!-- duration: 20ms -->
    <step title="Start deployment in the background" date="2025-11-22T14:04:21.626" >
      <step title="Executing external process" date="2025-11-22T14:04:21.645" type="process" path="git" arguments="rev-parse --git-dir" /><!-- duration: 21ms -->
      <step title="Executing external process" date="2025-11-22T14:04:21.674" type="process" path="git" arguments="rev-parse --git-dir" /><!-- duration: 11ms -->
      <step title="Executing external process" date="2025-11-22T14:04:21.686" type="process" path="git" arguments="log -n 1 main --" >
        <step title="Process dump" date="2025-11-22T14:04:21.703" exitCode="128" type="processOutput" /><!-- duration: 2ms -->
      </step><!-- duration: 20ms -->
      <step title="Acquiring Deployment Lock" date="2025-11-22T14:04:21.708" /><!-- duration: 1ms -->
      <step title="Acquired Deployment Lock" date="2025-11-22T14:04:21.764" /><!-- duration: 1ms -->
    </step><!-- duration: 194ms -->
  </step><!-- duration: 1001ms -->
  <step title="Outgoing response" date="2025-11-22T14:04:21.824" type="response" statusCode="202" statusText="Accepted" /><!-- duration: 2ms -->
</step><!-- duration: 1063ms -->
